<mxfile host="app.diagrams.net" modified="2022-11-18T10:15:40.859Z" agent="5.0 (X11)" etag="qsFULEMo0XJRkGFOWsCQ" version="20.5.3" type="github">
  <diagram id="R2lEEEUBdFMjLlhIrx00" name="Page-1">
    <mxGraphModel dx="862" dy="453" grid="1" gridSize="10" guides="1" tooltips="1" connect="1" arrows="1" fold="1" page="1" pageScale="1" pageWidth="850" pageHeight="1100" math="0" shadow="0" extFonts="Permanent Marker^https://fonts.googleapis.com/css?family=Permanent+Marker">
      <root>
        <mxCell id="0" />
        <mxCell id="1" parent="0" />
        <mxCell id="Uh8wuIG-dnCUtviY7bnt-1" value="&lt;div style=&quot;font-size: 17px;&quot;&gt;&lt;font style=&quot;font-size: 17px;&quot;&gt;User&lt;/font&gt;&lt;/div&gt;&lt;div style=&quot;font-size: 17px;&quot;&gt;&lt;font style=&quot;font-size: 17px;&quot;&gt;(email)&lt;br&gt;&lt;/font&gt;&lt;/div&gt;&lt;font style=&quot;font-size: 17px;&quot;&gt;&lt;br&gt;&lt;/font&gt;" style="ellipse;whiteSpace=wrap;html=1;" parent="1" vertex="1">
          <mxGeometry x="365.5" y="200" width="120" height="80" as="geometry" />
        </mxCell>
        <mxCell id="Uh8wuIG-dnCUtviY7bnt-2" value="password_hash" style="ellipse;whiteSpace=wrap;html=1;fontSize=17;dashed=1;" parent="1" vertex="1">
          <mxGeometry x="120" y="60" width="140" height="80" as="geometry" />
        </mxCell>
        <mxCell id="Uh8wuIG-dnCUtviY7bnt-3" value="" style="endArrow=oval;html=1;rounded=0;fontSize=17;entryX=0;entryY=0;entryDx=0;entryDy=0;endFill=1;exitX=0.5;exitY=0;exitDx=0;exitDy=0;" parent="1" source="qIYfWO3wN6OM0WGNm_IZ-59" target="Uh8wuIG-dnCUtviY7bnt-1" edge="1">
          <mxGeometry width="50" height="50" relative="1" as="geometry">
            <mxPoint x="260" y="270" as="sourcePoint" />
            <mxPoint x="310" y="220" as="targetPoint" />
          </mxGeometry>
        </mxCell>
        <mxCell id="H85xvgza9DEEJIkT7y4P-6" style="edgeStyle=none;rounded=0;orthogonalLoop=1;jettySize=auto;html=1;entryX=1;entryY=0;entryDx=0;entryDy=0;endArrow=oval;endFill=1;exitX=0.5;exitY=1;exitDx=0;exitDy=0;" parent="1" source="qIYfWO3wN6OM0WGNm_IZ-53" target="Uh8wuIG-dnCUtviY7bnt-1" edge="1">
          <mxGeometry relative="1" as="geometry" />
        </mxCell>
        <mxCell id="H85xvgza9DEEJIkT7y4P-4" value="full_name" style="ellipse;whiteSpace=wrap;html=1;fontSize=17;dashed=1;" parent="1" vertex="1">
          <mxGeometry x="580" y="60" width="140" height="80" as="geometry" />
        </mxCell>
        <mxCell id="H85xvgza9DEEJIkT7y4P-7" style="edgeStyle=none;rounded=0;orthogonalLoop=1;jettySize=auto;html=1;entryX=0.5;entryY=0;entryDx=0;entryDy=0;endArrow=oval;endFill=1;exitX=0.5;exitY=0;exitDx=0;exitDy=0;" parent="1" source="qIYfWO3wN6OM0WGNm_IZ-56" target="Uh8wuIG-dnCUtviY7bnt-1" edge="1">
          <mxGeometry relative="1" as="geometry" />
        </mxCell>
        <mxCell id="H85xvgza9DEEJIkT7y4P-5" value="username" style="ellipse;whiteSpace=wrap;html=1;fontSize=17;dashed=1;" parent="1" vertex="1">
          <mxGeometry x="355" y="20" width="140" height="80" as="geometry" />
        </mxCell>
        <mxCell id="ySnOF4zIyVid2abpOL5g-9" style="edgeStyle=none;rounded=0;orthogonalLoop=1;jettySize=auto;html=1;endArrow=none;endFill=0;exitX=1;exitY=0.5;exitDx=0;exitDy=0;" parent="1" source="CTEkizjnetQ3qyJkGGKz-1" target="ySnOF4zIyVid2abpOL5g-8" edge="1">
          <mxGeometry relative="1" as="geometry" />
        </mxCell>
        <mxCell id="H85xvgza9DEEJIkT7y4P-9" value="&lt;div style=&quot;font-size: 17px&quot;&gt;&lt;/div&gt;&lt;div&gt;&lt;font style=&quot;font-size: 17px&quot;&gt;Incident&lt;br&gt;&lt;/font&gt;&lt;/div&gt;&lt;div&gt;&lt;font style=&quot;font-size: 17px&quot;&gt;(id)&lt;br&gt;&lt;/font&gt;&lt;/div&gt;" style="ellipse;whiteSpace=wrap;html=1;" parent="1" vertex="1">
          <mxGeometry x="365.5" y="410" width="120" height="80" as="geometry" />
        </mxCell>
        <mxCell id="H85xvgza9DEEJIkT7y4P-10" value="description" style="ellipse;whiteSpace=wrap;html=1;fontSize=17;dashed=1;" parent="1" vertex="1">
          <mxGeometry x="60" y="410.11" width="140" height="80" as="geometry" />
        </mxCell>
        <mxCell id="H85xvgza9DEEJIkT7y4P-11" value="submitted_at" style="ellipse;whiteSpace=wrap;html=1;fontSize=17;dashed=1;" parent="1" vertex="1">
          <mxGeometry x="150" y="260" width="140" height="80" as="geometry" />
        </mxCell>
        <mxCell id="H85xvgza9DEEJIkT7y4P-16" style="edgeStyle=none;rounded=0;orthogonalLoop=1;jettySize=auto;html=1;entryX=0.454;entryY=1;entryDx=0;entryDy=0;endArrow=oval;endFill=1;exitX=0.5;exitY=0;exitDx=0;exitDy=0;entryPerimeter=0;" parent="1" source="qIYfWO3wN6OM0WGNm_IZ-21" target="H85xvgza9DEEJIkT7y4P-9" edge="1">
          <mxGeometry relative="1" as="geometry" />
        </mxCell>
        <mxCell id="ySnOF4zIyVid2abpOL5g-5" style="rounded=0;orthogonalLoop=1;jettySize=auto;html=1;entryX=0.89;entryY=0.177;entryDx=0;entryDy=0;endArrow=none;endFill=0;exitX=0.5;exitY=1;exitDx=0;exitDy=0;entryPerimeter=0;" parent="1" source="YhynZKO4u3EwaHUzb0i7-6" target="ySnOF4zIyVid2abpOL5g-1" edge="1">
          <mxGeometry relative="1" as="geometry">
            <mxPoint x="240" y="740" as="sourcePoint" />
          </mxGeometry>
        </mxCell>
        <mxCell id="H85xvgza9DEEJIkT7y4P-13" value="&lt;div&gt;Adress&lt;/div&gt;&lt;div&gt;(address)&lt;br&gt;&lt;/div&gt;" style="ellipse;whiteSpace=wrap;html=1;fontSize=17;" parent="1" vertex="1">
          <mxGeometry x="275" y="620" width="140" height="80" as="geometry" />
        </mxCell>
        <mxCell id="qIYfWO3wN6OM0WGNm_IZ-4" value="" style="endArrow=none;html=1;rounded=0;entryX=0.5;entryY=1;entryDx=0;entryDy=0;exitX=0.5;exitY=0;exitDx=0;exitDy=0;" parent="1" source="qIYfWO3wN6OM0WGNm_IZ-1" target="Uh8wuIG-dnCUtviY7bnt-1" edge="1">
          <mxGeometry width="50" height="50" relative="1" as="geometry">
            <mxPoint x="320" y="340" as="sourcePoint" />
            <mxPoint x="370" y="290" as="targetPoint" />
          </mxGeometry>
        </mxCell>
        <mxCell id="qIYfWO3wN6OM0WGNm_IZ-5" value="" style="endArrow=none;html=1;rounded=0;entryX=0.5;entryY=1;entryDx=0;entryDy=0;exitX=0.5;exitY=0;exitDx=0;exitDy=0;" parent="1" source="H85xvgza9DEEJIkT7y4P-9" target="qIYfWO3wN6OM0WGNm_IZ-2" edge="1">
          <mxGeometry width="50" height="50" relative="1" as="geometry">
            <mxPoint x="370" y="410" as="sourcePoint" />
            <mxPoint x="420" y="360" as="targetPoint" />
          </mxGeometry>
        </mxCell>
        <mxCell id="H85xvgza9DEEJIkT7y4P-15" style="edgeStyle=none;rounded=0;orthogonalLoop=1;jettySize=auto;html=1;endArrow=none;endFill=0;startArrow=oval;startFill=1;entryX=0.5;entryY=1;entryDx=0;entryDy=0;" parent="1" source="H85xvgza9DEEJIkT7y4P-9" target="qIYfWO3wN6OM0WGNm_IZ-26" edge="1">
          <mxGeometry relative="1" as="geometry" />
        </mxCell>
        <mxCell id="qIYfWO3wN6OM0WGNm_IZ-18" value="" style="group;rotation=20;" parent="1" vertex="1" connectable="0">
          <mxGeometry x="256.1409965093393" y="436.1119024775923" width="42.71800698132142" height="27.77619504481538" as="geometry" />
        </mxCell>
        <mxCell id="qIYfWO3wN6OM0WGNm_IZ-17" value="" style="group;rotation=90;" parent="qIYfWO3wN6OM0WGNm_IZ-18" vertex="1" connectable="0">
          <mxGeometry x="14" y="-6" width="15" height="40" as="geometry" />
        </mxCell>
        <mxCell id="qIYfWO3wN6OM0WGNm_IZ-15" value="" style="rounded=0;whiteSpace=wrap;html=1;shadow=0;glass=0;sketch=0;rotation=90;" parent="qIYfWO3wN6OM0WGNm_IZ-17" vertex="1">
          <mxGeometry width="15" height="40" as="geometry" />
        </mxCell>
        <mxCell id="qIYfWO3wN6OM0WGNm_IZ-16" value="" style="endArrow=none;html=1;rounded=0;startSize=3;endSize=3;entryX=1;entryY=0.5;entryDx=0;entryDy=0;exitX=0;exitY=0.5;exitDx=0;exitDy=0;" parent="qIYfWO3wN6OM0WGNm_IZ-17" source="qIYfWO3wN6OM0WGNm_IZ-15" target="qIYfWO3wN6OM0WGNm_IZ-15" edge="1">
          <mxGeometry width="50" height="50" relative="1" as="geometry">
            <mxPoint x="-42" y="23" as="sourcePoint" />
            <mxPoint x="8" y="72" as="targetPoint" />
          </mxGeometry>
        </mxCell>
        <mxCell id="qIYfWO3wN6OM0WGNm_IZ-8" value="" style="endArrow=oval;html=1;rounded=0;entryX=0;entryY=0.5;entryDx=0;entryDy=0;exitX=0.5;exitY=0;exitDx=0;exitDy=0;endFill=1;" parent="1" source="qIYfWO3wN6OM0WGNm_IZ-15" target="H85xvgza9DEEJIkT7y4P-9" edge="1">
          <mxGeometry width="50" height="50" relative="1" as="geometry">
            <mxPoint x="-8.640996509339288" y="3.8880975224076906" as="sourcePoint" />
            <mxPoint x="-8.640996509339288" y="-36.11190247759231" as="targetPoint" />
          </mxGeometry>
        </mxCell>
        <mxCell id="qIYfWO3wN6OM0WGNm_IZ-9" value="" style="endArrow=none;html=1;rounded=0;entryX=0.5;entryY=1;entryDx=0;entryDy=0;exitX=1;exitY=0.5;exitDx=0;exitDy=0;" parent="1" source="H85xvgza9DEEJIkT7y4P-10" target="qIYfWO3wN6OM0WGNm_IZ-15" edge="1">
          <mxGeometry width="50" height="50" relative="1" as="geometry">
            <mxPoint x="-8.640996509339288" y="93.88809752240769" as="sourcePoint" />
            <mxPoint x="-8.640996509339288" y="43.88809752240769" as="targetPoint" />
          </mxGeometry>
        </mxCell>
        <mxCell id="qIYfWO3wN6OM0WGNm_IZ-23" value="" style="endArrow=none;html=1;rounded=0;startSize=3;endSize=3;entryX=0.5;entryY=1;entryDx=0;entryDy=0;exitX=0.5;exitY=0;exitDx=0;exitDy=0;" parent="1" source="H85xvgza9DEEJIkT7y4P-13" target="qIYfWO3wN6OM0WGNm_IZ-21" edge="1">
          <mxGeometry width="50" height="50" relative="1" as="geometry">
            <mxPoint x="280" y="630" as="sourcePoint" />
            <mxPoint x="330" y="580" as="targetPoint" />
          </mxGeometry>
        </mxCell>
        <mxCell id="qIYfWO3wN6OM0WGNm_IZ-28" value="" style="endArrow=none;html=1;rounded=0;startSize=3;endSize=3;exitX=0.5;exitY=0;exitDx=0;exitDy=0;" parent="1" source="qIYfWO3wN6OM0WGNm_IZ-26" target="H85xvgza9DEEJIkT7y4P-11" edge="1">
          <mxGeometry width="50" height="50" relative="1" as="geometry">
            <mxPoint x="235" y="301.07" as="sourcePoint" />
            <mxPoint x="285" y="251.07" as="targetPoint" />
          </mxGeometry>
        </mxCell>
        <mxCell id="qIYfWO3wN6OM0WGNm_IZ-41" value="" style="group;rotation=-195;" parent="1" vertex="1" connectable="0">
          <mxGeometry x="299.995805980956" y="350.0013944019036" width="32.99038105676664" height="42.14101615137747" as="geometry" />
        </mxCell>
        <mxCell id="qIYfWO3wN6OM0WGNm_IZ-26" value="" style="rounded=0;whiteSpace=wrap;html=1;shadow=0;glass=0;sketch=0;rotation=-50;" parent="qIYfWO3wN6OM0WGNm_IZ-41" vertex="1">
          <mxGeometry x="9" y="1" width="15" height="40" as="geometry" />
        </mxCell>
        <mxCell id="qIYfWO3wN6OM0WGNm_IZ-27" value="" style="endArrow=none;html=1;rounded=0;startSize=3;endSize=3;entryX=1;entryY=0.5;entryDx=0;entryDy=0;exitX=0;exitY=0.5;exitDx=0;exitDy=0;" parent="qIYfWO3wN6OM0WGNm_IZ-41" source="qIYfWO3wN6OM0WGNm_IZ-26" target="qIYfWO3wN6OM0WGNm_IZ-26" edge="1">
          <mxGeometry width="50" height="50" relative="1" as="geometry">
            <mxPoint x="-22" y="76" as="sourcePoint" />
            <mxPoint x="-31" y="6" as="targetPoint" />
          </mxGeometry>
        </mxCell>
        <mxCell id="qIYfWO3wN6OM0WGNm_IZ-63" value="" style="endArrow=blockThin;startArrow=blockThin;html=1;rounded=0;endSize=3;startSize=3;startFill=1;endFill=1;" parent="qIYfWO3wN6OM0WGNm_IZ-41" edge="1">
          <mxGeometry width="50" height="50" relative="1" as="geometry">
            <mxPoint x="24" y="42" as="sourcePoint" />
            <mxPoint x="10" y="30" as="targetPoint" />
          </mxGeometry>
        </mxCell>
        <mxCell id="qIYfWO3wN6OM0WGNm_IZ-43" value="" style="group;rotation=-60;" parent="1" vertex="1" connectable="0">
          <mxGeometry x="523.995805980956" y="218.93139440190362" width="32.99038105676664" height="42.14101615137747" as="geometry" />
        </mxCell>
        <mxCell id="qIYfWO3wN6OM0WGNm_IZ-44" value="" style="rounded=0;whiteSpace=wrap;html=1;shadow=0;glass=0;sketch=0;rotation=90;" parent="qIYfWO3wN6OM0WGNm_IZ-43" vertex="1">
          <mxGeometry x="9" y="1" width="15" height="40" as="geometry" />
        </mxCell>
        <mxCell id="qIYfWO3wN6OM0WGNm_IZ-45" value="" style="endArrow=none;html=1;rounded=0;startSize=3;endSize=3;entryX=1;entryY=0.5;entryDx=0;entryDy=0;exitX=0;exitY=0.5;exitDx=0;exitDy=0;" parent="qIYfWO3wN6OM0WGNm_IZ-43" source="qIYfWO3wN6OM0WGNm_IZ-44" target="qIYfWO3wN6OM0WGNm_IZ-44" edge="1">
          <mxGeometry width="50" height="50" relative="1" as="geometry">
            <mxPoint x="5" y="-45" as="sourcePoint" />
            <mxPoint x="59" y="-2" as="targetPoint" />
          </mxGeometry>
        </mxCell>
        <mxCell id="qIYfWO3wN6OM0WGNm_IZ-46" value="" style="endArrow=none;html=1;rounded=0;startSize=3;endSize=3;exitX=0.5;exitY=0;exitDx=0;exitDy=0;entryX=-0.014;entryY=0.499;entryDx=0;entryDy=0;entryPerimeter=0;" parent="1" source="qIYfWO3wN6OM0WGNm_IZ-44" target="qIYfWO3wN6OM0WGNm_IZ-39" edge="1">
          <mxGeometry width="50" height="50" relative="1" as="geometry">
            <mxPoint x="570" y="280" as="sourcePoint" />
            <mxPoint x="620" y="230" as="targetPoint" />
          </mxGeometry>
        </mxCell>
        <mxCell id="qIYfWO3wN6OM0WGNm_IZ-47" value="" style="endArrow=none;html=1;rounded=0;startSize=3;endSize=3;entryX=0.5;entryY=1;entryDx=0;entryDy=0;exitX=1;exitY=0.5;exitDx=0;exitDy=0;" parent="1" source="Uh8wuIG-dnCUtviY7bnt-1" target="qIYfWO3wN6OM0WGNm_IZ-44" edge="1">
          <mxGeometry width="50" height="50" relative="1" as="geometry">
            <mxPoint x="500" y="250" as="sourcePoint" />
            <mxPoint x="620" y="230" as="targetPoint" />
          </mxGeometry>
        </mxCell>
        <mxCell id="qIYfWO3wN6OM0WGNm_IZ-49" value="" style="group" parent="1" vertex="1" connectable="0">
          <mxGeometry x="610" y="200" width="140" height="110" as="geometry" />
        </mxCell>
        <mxCell id="qIYfWO3wN6OM0WGNm_IZ-39" value="is_moderator" style="ellipse;whiteSpace=wrap;html=1;fontSize=17;dashed=1;" parent="qIYfWO3wN6OM0WGNm_IZ-49" vertex="1">
          <mxGeometry width="140" height="80" as="geometry" />
        </mxCell>
        <mxCell id="qIYfWO3wN6OM0WGNm_IZ-48" value="{true, false}" style="text;html=1;align=center;verticalAlign=middle;resizable=0;points=[];autosize=1;strokeColor=none;fillColor=none;" parent="qIYfWO3wN6OM0WGNm_IZ-49" vertex="1">
          <mxGeometry x="25" y="80" width="90" height="30" as="geometry" />
        </mxCell>
        <mxCell id="qIYfWO3wN6OM0WGNm_IZ-55" style="rounded=0;orthogonalLoop=1;jettySize=auto;html=1;exitX=0.5;exitY=0;exitDx=0;exitDy=0;startArrow=none;startFill=0;endArrow=none;endFill=0;startSize=3;endSize=3;" parent="1" source="qIYfWO3wN6OM0WGNm_IZ-53" target="H85xvgza9DEEJIkT7y4P-4" edge="1">
          <mxGeometry relative="1" as="geometry" />
        </mxCell>
        <mxCell id="qIYfWO3wN6OM0WGNm_IZ-53" value="" style="rounded=0;whiteSpace=wrap;html=1;shadow=0;glass=0;sketch=0;rotation=55;" parent="1" vertex="1">
          <mxGeometry x="523.995805980956" y="150.0013944019036" width="15" height="40" as="geometry" />
        </mxCell>
        <mxCell id="qIYfWO3wN6OM0WGNm_IZ-54" value="" style="endArrow=none;html=1;rounded=0;startSize=3;endSize=3;entryX=1;entryY=0.5;entryDx=0;entryDy=0;exitX=0;exitY=0.5;exitDx=0;exitDy=0;" parent="1" source="qIYfWO3wN6OM0WGNm_IZ-53" target="qIYfWO3wN6OM0WGNm_IZ-53" edge="1">
          <mxGeometry width="50" height="50" relative="1" as="geometry">
            <mxPoint x="5" y="-94.93" as="sourcePoint" />
            <mxPoint x="59" y="-51.93" as="targetPoint" />
          </mxGeometry>
        </mxCell>
        <mxCell id="qIYfWO3wN6OM0WGNm_IZ-58" style="edgeStyle=none;rounded=0;orthogonalLoop=1;jettySize=auto;html=1;exitX=0.5;exitY=1;exitDx=0;exitDy=0;entryX=0.5;entryY=1;entryDx=0;entryDy=0;startArrow=none;startFill=0;endArrow=none;endFill=0;startSize=3;endSize=3;" parent="1" source="qIYfWO3wN6OM0WGNm_IZ-56" target="H85xvgza9DEEJIkT7y4P-5" edge="1">
          <mxGeometry relative="1" as="geometry" />
        </mxCell>
        <mxCell id="qIYfWO3wN6OM0WGNm_IZ-56" value="" style="rounded=0;whiteSpace=wrap;html=1;shadow=0;glass=0;sketch=0;rotation=-180;" parent="1" vertex="1">
          <mxGeometry x="417.995805980956" y="130.0013944019036" width="15" height="40" as="geometry" />
        </mxCell>
        <mxCell id="qIYfWO3wN6OM0WGNm_IZ-57" value="" style="endArrow=none;html=1;rounded=0;startSize=3;endSize=3;entryX=1;entryY=0.5;entryDx=0;entryDy=0;exitX=0;exitY=0.5;exitDx=0;exitDy=0;" parent="1" source="qIYfWO3wN6OM0WGNm_IZ-56" target="qIYfWO3wN6OM0WGNm_IZ-56" edge="1">
          <mxGeometry width="50" height="50" relative="1" as="geometry">
            <mxPoint x="-78" y="-144.93" as="sourcePoint" />
            <mxPoint x="-24" y="-101.93" as="targetPoint" />
          </mxGeometry>
        </mxCell>
        <mxCell id="qIYfWO3wN6OM0WGNm_IZ-61" style="edgeStyle=none;rounded=0;orthogonalLoop=1;jettySize=auto;html=1;exitX=0.5;exitY=1;exitDx=0;exitDy=0;entryX=0.929;entryY=0.75;entryDx=0;entryDy=0;entryPerimeter=0;startArrow=none;startFill=0;endArrow=none;endFill=0;startSize=3;endSize=3;" parent="1" source="qIYfWO3wN6OM0WGNm_IZ-59" target="Uh8wuIG-dnCUtviY7bnt-2" edge="1">
          <mxGeometry relative="1" as="geometry" />
        </mxCell>
        <mxCell id="qIYfWO3wN6OM0WGNm_IZ-59" value="" style="rounded=0;whiteSpace=wrap;html=1;shadow=0;glass=0;sketch=0;rotation=125;" parent="1" vertex="1">
          <mxGeometry x="315.005805980956" y="150.0013944019036" width="15" height="40" as="geometry" />
        </mxCell>
        <mxCell id="qIYfWO3wN6OM0WGNm_IZ-60" value="" style="endArrow=none;html=1;rounded=0;startSize=3;endSize=3;entryX=1;entryY=0.5;entryDx=0;entryDy=0;exitX=0;exitY=0.5;exitDx=0;exitDy=0;" parent="1" source="qIYfWO3wN6OM0WGNm_IZ-59" target="qIYfWO3wN6OM0WGNm_IZ-59" edge="1">
          <mxGeometry width="50" height="50" relative="1" as="geometry">
            <mxPoint x="-283" y="-94.93" as="sourcePoint" />
            <mxPoint x="-229" y="-51.93000000000001" as="targetPoint" />
          </mxGeometry>
        </mxCell>
        <mxCell id="qIYfWO3wN6OM0WGNm_IZ-62" value="" style="endArrow=blockThin;startArrow=blockThin;html=1;rounded=0;endSize=3;startSize=3;startFill=1;endFill=1;" parent="1" edge="1">
          <mxGeometry width="50" height="50" relative="1" as="geometry">
            <mxPoint x="278" y="438" as="sourcePoint" />
            <mxPoint x="298" y="438" as="targetPoint" />
          </mxGeometry>
        </mxCell>
        <mxCell id="qIYfWO3wN6OM0WGNm_IZ-64" value="" style="endArrow=blockThin;startArrow=blockThin;html=1;rounded=0;endSize=3;startSize=3;startFill=1;endFill=1;" parent="1" edge="1">
          <mxGeometry width="50" height="50" relative="1" as="geometry">
            <mxPoint x="520" y="228" as="sourcePoint" />
            <mxPoint x="540" y="228" as="targetPoint" />
          </mxGeometry>
        </mxCell>
        <mxCell id="qIYfWO3wN6OM0WGNm_IZ-65" value="" style="endArrow=blockThin;startArrow=blockThin;html=1;rounded=0;endSize=3;startSize=3;startFill=1;endFill=1;" parent="1" edge="1">
          <mxGeometry width="50" height="50" relative="1" as="geometry">
            <mxPoint x="507" y="172" as="sourcePoint" />
            <mxPoint x="524" y="160" as="targetPoint" />
          </mxGeometry>
        </mxCell>
        <mxCell id="qIYfWO3wN6OM0WGNm_IZ-66" value="" style="endArrow=blockThin;startArrow=blockThin;html=1;rounded=0;endSize=3;startSize=3;startFill=1;endFill=1;" parent="1" edge="1">
          <mxGeometry width="50" height="50" relative="1" as="geometry">
            <mxPoint x="413" y="150" as="sourcePoint" />
            <mxPoint x="413" y="169.87" as="targetPoint" />
          </mxGeometry>
        </mxCell>
        <mxCell id="qIYfWO3wN6OM0WGNm_IZ-67" value="" style="endArrow=blockThin;startArrow=blockThin;html=1;rounded=0;endSize=3;startSize=3;startFill=1;endFill=1;" parent="1" edge="1">
          <mxGeometry width="50" height="50" relative="1" as="geometry">
            <mxPoint x="315" y="180" as="sourcePoint" />
            <mxPoint x="332" y="192" as="targetPoint" />
          </mxGeometry>
        </mxCell>
        <mxCell id="ySnOF4zIyVid2abpOL5g-1" value="postal_code" style="ellipse;whiteSpace=wrap;html=1;fontSize=17;dashed=1;" parent="1" vertex="1">
          <mxGeometry x="70" y="780" width="140" height="80" as="geometry" />
        </mxCell>
        <mxCell id="YhynZKO4u3EwaHUzb0i7-16" style="edgeStyle=none;rounded=0;orthogonalLoop=1;jettySize=auto;html=1;exitX=0.5;exitY=0;exitDx=0;exitDy=0;entryX=0.5;entryY=1;entryDx=0;entryDy=0;endArrow=none;endFill=0;" parent="1" source="ySnOF4zIyVid2abpOL5g-2" target="YhynZKO4u3EwaHUzb0i7-12" edge="1">
          <mxGeometry relative="1" as="geometry" />
        </mxCell>
        <mxCell id="ySnOF4zIyVid2abpOL5g-2" value="street" style="ellipse;whiteSpace=wrap;html=1;fontSize=17;dashed=1;" parent="1" vertex="1">
          <mxGeometry x="273.6" y="810" width="140" height="80" as="geometry" />
        </mxCell>
        <mxCell id="ySnOF4zIyVid2abpOL5g-3" value="&lt;div&gt;town_name&lt;/div&gt;" style="ellipse;whiteSpace=wrap;html=1;fontSize=17;dashed=1;" parent="1" vertex="1">
          <mxGeometry x="449" y="779.29" width="140" height="80" as="geometry" />
        </mxCell>
        <mxCell id="ySnOF4zIyVid2abpOL5g-8" value="&lt;div&gt;upvotes&lt;/div&gt;&lt;div&gt;(Incident)&lt;br&gt;&lt;/div&gt;" style="ellipse;whiteSpace=wrap;html=1;fontSize=17;" parent="1" vertex="1">
          <mxGeometry x="610" y="310" width="140" height="80" as="geometry" />
        </mxCell>
        <mxCell id="ySnOF4zIyVid2abpOL5g-11" value="" style="group" parent="1" vertex="1" connectable="0">
          <mxGeometry x="609.5" y="485" width="140" height="115.11000000000001" as="geometry" />
        </mxCell>
        <mxCell id="ySnOF4zIyVid2abpOL5g-12" value="upvote_count" style="ellipse;whiteSpace=wrap;html=1;fontSize=17;dashed=1;" parent="ySnOF4zIyVid2abpOL5g-11" vertex="1">
          <mxGeometry width="140" height="80" as="geometry" />
        </mxCell>
        <mxCell id="YhynZKO4u3EwaHUzb0i7-33" value="" style="group;rotation=-60;" parent="ySnOF4zIyVid2abpOL5g-11" vertex="1" connectable="0">
          <mxGeometry x="-146.004194019044" y="153.93139440190362" width="32.99038105676664" height="42.14101615137747" as="geometry" />
        </mxCell>
        <mxCell id="YhynZKO4u3EwaHUzb0i7-34" value="" style="rounded=0;whiteSpace=wrap;html=1;shadow=0;glass=0;sketch=0;rotation=90;" parent="YhynZKO4u3EwaHUzb0i7-33" vertex="1">
          <mxGeometry x="9" y="1" width="15" height="40" as="geometry" />
        </mxCell>
        <mxCell id="YhynZKO4u3EwaHUzb0i7-35" value="" style="endArrow=none;html=1;rounded=0;startSize=3;endSize=3;entryX=1;entryY=0.5;entryDx=0;entryDy=0;exitX=0;exitY=0.5;exitDx=0;exitDy=0;" parent="YhynZKO4u3EwaHUzb0i7-33" source="YhynZKO4u3EwaHUzb0i7-34" target="YhynZKO4u3EwaHUzb0i7-34" edge="1">
          <mxGeometry width="50" height="50" relative="1" as="geometry">
            <mxPoint x="5" y="-45" as="sourcePoint" />
            <mxPoint x="59" y="-2" as="targetPoint" />
          </mxGeometry>
        </mxCell>
        <mxCell id="YhynZKO4u3EwaHUzb0i7-36" value="" style="endArrow=none;html=1;rounded=0;startSize=3;endSize=3;exitX=0.5;exitY=0;exitDx=0;exitDy=0;entryX=-0.014;entryY=0.499;entryDx=0;entryDy=0;entryPerimeter=0;" parent="ySnOF4zIyVid2abpOL5g-11" source="YhynZKO4u3EwaHUzb0i7-34" target="YhynZKO4u3EwaHUzb0i7-39" edge="1">
          <mxGeometry width="50" height="50" relative="1" as="geometry">
            <mxPoint x="-100" y="215" as="sourcePoint" />
            <mxPoint x="-50" y="165" as="targetPoint" />
          </mxGeometry>
        </mxCell>
        <mxCell id="YhynZKO4u3EwaHUzb0i7-38" value="" style="group" parent="ySnOF4zIyVid2abpOL5g-11" vertex="1" connectable="0">
          <mxGeometry x="-60" y="135" width="140" height="110" as="geometry" />
        </mxCell>
        <mxCell id="YhynZKO4u3EwaHUzb0i7-39" value="lot_number" style="ellipse;whiteSpace=wrap;html=1;fontSize=17;dashed=1;" parent="YhynZKO4u3EwaHUzb0i7-38" vertex="1">
          <mxGeometry width="140" height="80" as="geometry" />
        </mxCell>
        <mxCell id="ySnOF4zIyVid2abpOL5g-20" style="edgeStyle=none;rounded=0;orthogonalLoop=1;jettySize=auto;html=1;endArrow=oval;endFill=1;exitX=0.5;exitY=1;exitDx=0;exitDy=0;startArrow=none;startFill=0;" parent="1" source="CTEkizjnetQ3qyJkGGKz-4" target="ySnOF4zIyVid2abpOL5g-8" edge="1">
          <mxGeometry relative="1" as="geometry">
            <mxPoint x="680" y="440" as="sourcePoint" />
          </mxGeometry>
        </mxCell>
        <mxCell id="qIYfWO3wN6OM0WGNm_IZ-6" value="" style="endArrow=blockThin;startArrow=blockThin;html=1;rounded=0;endSize=3;startSize=3;startFill=1;endFill=1;" parent="1" edge="1">
          <mxGeometry width="50" height="50" relative="1" as="geometry">
            <mxPoint x="410" y="380" as="sourcePoint" />
            <mxPoint x="410" y="340" as="targetPoint" />
          </mxGeometry>
        </mxCell>
        <mxCell id="qIYfWO3wN6OM0WGNm_IZ-1" value="" style="rounded=0;whiteSpace=wrap;html=1;" parent="1" vertex="1">
          <mxGeometry x="418" y="320" width="15" height="20" as="geometry" />
        </mxCell>
        <mxCell id="qIYfWO3wN6OM0WGNm_IZ-2" value="" style="rounded=0;whiteSpace=wrap;html=1;" parent="1" vertex="1">
          <mxGeometry x="418" y="360" width="15" height="20" as="geometry" />
        </mxCell>
        <mxCell id="CTEkizjnetQ3qyJkGGKz-1" value="" style="rounded=0;whiteSpace=wrap;html=1;" parent="1" vertex="1">
          <mxGeometry x="418" y="340" width="15" height="20" as="geometry" />
        </mxCell>
        <mxCell id="CTEkizjnetQ3qyJkGGKz-6" value="" style="endArrow=none;html=1;rounded=0;entryX=0.5;entryY=0;entryDx=0;entryDy=0;exitX=0.5;exitY=0;exitDx=0;exitDy=0;" parent="1" source="ySnOF4zIyVid2abpOL5g-12" target="CTEkizjnetQ3qyJkGGKz-4" edge="1">
          <mxGeometry width="50" height="50" relative="1" as="geometry">
            <mxPoint x="610" y="420" as="sourcePoint" />
            <mxPoint x="660" y="370" as="targetPoint" />
          </mxGeometry>
        </mxCell>
        <mxCell id="CTEkizjnetQ3qyJkGGKz-7" value="" style="group" parent="1" vertex="1" connectable="0">
          <mxGeometry x="672" y="420" width="15" height="40" as="geometry" />
        </mxCell>
        <mxCell id="CTEkizjnetQ3qyJkGGKz-4" value="" style="rounded=0;whiteSpace=wrap;html=1;shadow=0;glass=0;sketch=0;rotation=-180;" parent="CTEkizjnetQ3qyJkGGKz-7" vertex="1">
          <mxGeometry width="15" height="40" as="geometry" />
        </mxCell>
        <mxCell id="CTEkizjnetQ3qyJkGGKz-5" value="" style="endArrow=none;html=1;rounded=0;startSize=3;endSize=3;entryX=1;entryY=0.5;entryDx=0;entryDy=0;exitX=0;exitY=0.5;exitDx=0;exitDy=0;" parent="CTEkizjnetQ3qyJkGGKz-7" source="CTEkizjnetQ3qyJkGGKz-4" target="CTEkizjnetQ3qyJkGGKz-4" edge="1">
          <mxGeometry width="50" height="50" relative="1" as="geometry">
            <mxPoint x="-495.5" y="-258.82" as="sourcePoint" />
            <mxPoint x="-441.5" y="-215.82" as="targetPoint" />
          </mxGeometry>
        </mxCell>
        <mxCell id="CTEkizjnetQ3qyJkGGKz-12" value="" style="endArrow=blockThin;startArrow=blockThin;html=1;rounded=0;endSize=3;startSize=3;startFill=1;endFill=1;" parent="1" edge="1">
          <mxGeometry width="50" height="50" relative="1" as="geometry">
            <mxPoint x="667" y="420" as="sourcePoint" />
            <mxPoint x="667" y="439.87" as="targetPoint" />
          </mxGeometry>
        </mxCell>
        <mxCell id="YhynZKO4u3EwaHUzb0i7-8" style="rounded=0;orthogonalLoop=1;jettySize=auto;html=1;exitX=0.5;exitY=0;exitDx=0;exitDy=0;endArrow=oval;endFill=1;startArrow=none;startFill=0;" parent="1" source="YhynZKO4u3EwaHUzb0i7-6" target="H85xvgza9DEEJIkT7y4P-13" edge="1">
          <mxGeometry relative="1" as="geometry">
            <mxPoint x="270" y="700.3225806451615" as="targetPoint" />
          </mxGeometry>
        </mxCell>
        <mxCell id="YhynZKO4u3EwaHUzb0i7-6" value="" style="rounded=0;whiteSpace=wrap;html=1;shadow=0;glass=0;sketch=0;rotation=46;" parent="1" vertex="1">
          <mxGeometry x="235.0009965093393" y="730.0019024775922" width="15" height="40" as="geometry" />
        </mxCell>
        <mxCell id="YhynZKO4u3EwaHUzb0i7-7" value="" style="endArrow=none;html=1;rounded=0;startSize=3;endSize=3;entryX=1;entryY=0.5;entryDx=0;entryDy=0;exitX=0;exitY=0.5;exitDx=0;exitDy=0;" parent="1" source="YhynZKO4u3EwaHUzb0i7-6" target="YhynZKO4u3EwaHUzb0i7-6" edge="1">
          <mxGeometry width="50" height="50" relative="1" as="geometry">
            <mxPoint x="376.0009965093393" y="604.0019024775922" as="sourcePoint" />
            <mxPoint x="444.0009965093393" y="586.0019024775922" as="targetPoint" />
          </mxGeometry>
        </mxCell>
        <mxCell id="YhynZKO4u3EwaHUzb0i7-9" value="" style="endArrow=blockThin;startArrow=blockThin;html=1;rounded=0;endSize=3;startSize=3;startFill=1;endFill=1;" parent="1" edge="1">
          <mxGeometry width="50" height="50" relative="1" as="geometry">
            <mxPoint x="234" y="743" as="sourcePoint" />
            <mxPoint x="249" y="728" as="targetPoint" />
          </mxGeometry>
        </mxCell>
        <mxCell id="YhynZKO4u3EwaHUzb0i7-15" value="" style="group;rotation=-45;" parent="1" vertex="1" connectable="0">
          <mxGeometry x="324" y="738" width="39.19346757043101" height="41.290118389312056" as="geometry" />
        </mxCell>
        <mxCell id="YhynZKO4u3EwaHUzb0i7-12" value="" style="rounded=0;whiteSpace=wrap;html=1;shadow=0;glass=0;sketch=0;rotation=1;" parent="YhynZKO4u3EwaHUzb0i7-15" vertex="1">
          <mxGeometry x="13" y="2" width="15" height="40" as="geometry" />
        </mxCell>
        <mxCell id="YhynZKO4u3EwaHUzb0i7-13" value="" style="endArrow=none;html=1;rounded=0;startSize=3;endSize=3;entryX=1;entryY=0.5;entryDx=0;entryDy=0;exitX=0;exitY=0.5;exitDx=0;exitDy=0;" parent="YhynZKO4u3EwaHUzb0i7-15" source="YhynZKO4u3EwaHUzb0i7-12" target="YhynZKO4u3EwaHUzb0i7-12" edge="1">
          <mxGeometry width="50" height="50" relative="1" as="geometry">
            <mxPoint x="12" y="-176" as="sourcePoint" />
            <mxPoint x="47" y="-237" as="targetPoint" />
          </mxGeometry>
        </mxCell>
        <mxCell id="YhynZKO4u3EwaHUzb0i7-14" value="" style="endArrow=blockThin;startArrow=blockThin;html=1;rounded=0;endSize=3;startSize=3;startFill=1;endFill=1;" parent="YhynZKO4u3EwaHUzb0i7-15" edge="1">
          <mxGeometry width="50" height="50" relative="1" as="geometry">
            <mxPoint x="9" y="23" as="sourcePoint" />
            <mxPoint x="10" y="2" as="targetPoint" />
          </mxGeometry>
        </mxCell>
        <mxCell id="ySnOF4zIyVid2abpOL5g-6" style="edgeStyle=none;rounded=0;orthogonalLoop=1;jettySize=auto;html=1;endArrow=none;endFill=0;entryX=0.5;entryY=0;entryDx=0;entryDy=0;startArrow=oval;startFill=1;" parent="1" source="H85xvgza9DEEJIkT7y4P-13" target="YhynZKO4u3EwaHUzb0i7-12" edge="1">
          <mxGeometry relative="1" as="geometry" />
        </mxCell>
        <mxCell id="ySnOF4zIyVid2abpOL5g-7" style="edgeStyle=none;rounded=0;orthogonalLoop=1;jettySize=auto;html=1;endArrow=none;endFill=0;startArrow=oval;startFill=1;entryX=0.5;entryY=0;entryDx=0;entryDy=0;" parent="1" source="H85xvgza9DEEJIkT7y4P-13" target="YhynZKO4u3EwaHUzb0i7-17" edge="1">
          <mxGeometry relative="1" as="geometry">
            <mxPoint x="420" y="730" as="targetPoint" />
          </mxGeometry>
        </mxCell>
        <mxCell id="YhynZKO4u3EwaHUzb0i7-20" value="" style="group;rotation=-90;" parent="1" vertex="1" connectable="0">
          <mxGeometry x="400.0042627241238" y="710" width="39.19346757043104" height="41.290118389312056" as="geometry" />
        </mxCell>
        <mxCell id="YhynZKO4u3EwaHUzb0i7-17" value="" style="rounded=0;whiteSpace=wrap;html=1;shadow=0;glass=0;sketch=0;rotation=-44;" parent="YhynZKO4u3EwaHUzb0i7-20" vertex="1">
          <mxGeometry x="13" y="1" width="15" height="40" as="geometry" />
        </mxCell>
        <mxCell id="YhynZKO4u3EwaHUzb0i7-18" value="" style="endArrow=none;html=1;rounded=0;startSize=3;endSize=3;entryX=1;entryY=0.5;entryDx=0;entryDy=0;exitX=0;exitY=0.5;exitDx=0;exitDy=0;" parent="YhynZKO4u3EwaHUzb0i7-20" source="YhynZKO4u3EwaHUzb0i7-17" target="YhynZKO4u3EwaHUzb0i7-17" edge="1">
          <mxGeometry width="50" height="50" relative="1" as="geometry">
            <mxPoint x="-125" y="-113" as="sourcePoint" />
            <mxPoint x="-142" y="-181" as="targetPoint" />
          </mxGeometry>
        </mxCell>
        <mxCell id="YhynZKO4u3EwaHUzb0i7-19" value="" style="endArrow=blockThin;startArrow=blockThin;html=1;rounded=0;endSize=3;startSize=3;startFill=1;endFill=1;" parent="YhynZKO4u3EwaHUzb0i7-20" edge="1">
          <mxGeometry width="50" height="50" relative="1" as="geometry">
            <mxPoint x="13" y="30" as="sourcePoint" />
            <mxPoint x="-2" y="14" as="targetPoint" />
          </mxGeometry>
        </mxCell>
        <mxCell id="YhynZKO4u3EwaHUzb0i7-21" style="edgeStyle=none;shape=connector;rounded=0;orthogonalLoop=1;jettySize=auto;html=1;exitX=0.5;exitY=1;exitDx=0;exitDy=0;entryX=0.199;entryY=0.113;entryDx=0;entryDy=0;entryPerimeter=0;labelBackgroundColor=default;strokeColor=default;fontFamily=Helvetica;fontSize=11;fontColor=default;startArrow=none;startFill=0;endArrow=none;endFill=0;" parent="1" source="YhynZKO4u3EwaHUzb0i7-17" target="ySnOF4zIyVid2abpOL5g-3" edge="1">
          <mxGeometry relative="1" as="geometry" />
        </mxCell>
        <mxCell id="YhynZKO4u3EwaHUzb0i7-27" value="" style="group" parent="1" vertex="1" connectable="0">
          <mxGeometry x="189.99909292735094" y="639.6442478062692" width="49.64181414529813" height="40.71150438746156" as="geometry" />
        </mxCell>
        <mxCell id="YhynZKO4u3EwaHUzb0i7-22" value="" style="group;rotation=20;" parent="YhynZKO4u3EwaHUzb0i7-27" vertex="1" connectable="0">
          <mxGeometry x="3.461903581988338" y="6.467654671323089" width="42.71800698132142" height="27.77619504481538" as="geometry" />
        </mxCell>
        <mxCell id="YhynZKO4u3EwaHUzb0i7-23" value="" style="group;rotation=90;" parent="YhynZKO4u3EwaHUzb0i7-22" vertex="1" connectable="0">
          <mxGeometry x="14" y="-6" width="15" height="40" as="geometry" />
        </mxCell>
        <mxCell id="YhynZKO4u3EwaHUzb0i7-24" value="" style="rounded=0;whiteSpace=wrap;html=1;shadow=0;glass=0;sketch=0;rotation=90;" parent="YhynZKO4u3EwaHUzb0i7-23" vertex="1">
          <mxGeometry width="15" height="40" as="geometry" />
        </mxCell>
        <mxCell id="YhynZKO4u3EwaHUzb0i7-25" value="" style="endArrow=none;html=1;rounded=0;startSize=3;endSize=3;entryX=1;entryY=0.5;entryDx=0;entryDy=0;exitX=0;exitY=0.5;exitDx=0;exitDy=0;" parent="YhynZKO4u3EwaHUzb0i7-23" source="YhynZKO4u3EwaHUzb0i7-24" target="YhynZKO4u3EwaHUzb0i7-24" edge="1">
          <mxGeometry width="50" height="50" relative="1" as="geometry">
            <mxPoint x="-42" y="23" as="sourcePoint" />
            <mxPoint x="8" y="72" as="targetPoint" />
          </mxGeometry>
        </mxCell>
        <mxCell id="YhynZKO4u3EwaHUzb0i7-26" value="" style="endArrow=blockThin;startArrow=blockThin;html=1;rounded=0;endSize=3;startSize=3;startFill=1;endFill=1;" parent="YhynZKO4u3EwaHUzb0i7-27" edge="1">
          <mxGeometry width="50" height="50" relative="1" as="geometry">
            <mxPoint x="25.32090707264905" y="8.355752193730837" as="sourcePoint" />
            <mxPoint x="45.32090707264905" y="8.355752193730837" as="targetPoint" />
          </mxGeometry>
        </mxCell>
        <mxCell id="YhynZKO4u3EwaHUzb0i7-29" value="house_number" style="ellipse;whiteSpace=wrap;html=1;fontSize=17;dashed=1;" parent="1" vertex="1">
          <mxGeometry x="10" y="620" width="140" height="80" as="geometry" />
        </mxCell>
        <mxCell id="YhynZKO4u3EwaHUzb0i7-31" value="" style="group" parent="1" vertex="1" connectable="0">
          <mxGeometry x="368" y="529" width="32.99038105676664" height="43.072410553280974" as="geometry" />
        </mxCell>
        <mxCell id="qIYfWO3wN6OM0WGNm_IZ-20" value="" style="group;rotation=30;" parent="YhynZKO4u3EwaHUzb0i7-31" vertex="1" connectable="0">
          <mxGeometry x="8.995190528383318" y="2.001902477592239" width="15" height="40" as="geometry" />
        </mxCell>
        <mxCell id="qIYfWO3wN6OM0WGNm_IZ-21" value="" style="rounded=0;whiteSpace=wrap;html=1;shadow=0;glass=0;sketch=0;rotation=30;" parent="qIYfWO3wN6OM0WGNm_IZ-20" vertex="1">
          <mxGeometry width="15" height="40" as="geometry" />
        </mxCell>
        <mxCell id="qIYfWO3wN6OM0WGNm_IZ-22" value="" style="endArrow=none;html=1;rounded=0;startSize=3;endSize=3;entryX=1;entryY=0.5;entryDx=0;entryDy=0;exitX=0;exitY=0.5;exitDx=0;exitDy=0;" parent="qIYfWO3wN6OM0WGNm_IZ-20" source="qIYfWO3wN6OM0WGNm_IZ-21" target="qIYfWO3wN6OM0WGNm_IZ-21" edge="1">
          <mxGeometry width="50" height="50" relative="1" as="geometry">
            <mxPoint x="-14" y="64" as="sourcePoint" />
            <mxPoint x="54" y="46" as="targetPoint" />
          </mxGeometry>
        </mxCell>
        <mxCell id="qIYfWO3wN6OM0WGNm_IZ-52" value="" style="endArrow=blockThin;startArrow=blockThin;html=1;rounded=0;endSize=3;startSize=3;startFill=1;endFill=1;" parent="YhynZKO4u3EwaHUzb0i7-31" edge="1">
          <mxGeometry width="50" height="50" relative="1" as="geometry">
            <mxPoint x="5.994194019044016" y="18" as="sourcePoint" />
            <mxPoint x="15.994194019044016" as="targetPoint" />
          </mxGeometry>
        </mxCell>
        <mxCell id="YhynZKO4u3EwaHUzb0i7-32" style="edgeStyle=none;shape=connector;rounded=0;orthogonalLoop=1;jettySize=auto;html=1;exitX=0.5;exitY=1;exitDx=0;exitDy=0;entryX=1;entryY=0.5;entryDx=0;entryDy=0;labelBackgroundColor=default;strokeColor=default;fontFamily=Helvetica;fontSize=11;fontColor=default;startArrow=none;startFill=0;endArrow=none;endFill=0;" parent="1" source="YhynZKO4u3EwaHUzb0i7-24" target="YhynZKO4u3EwaHUzb0i7-29" edge="1">
          <mxGeometry relative="1" as="geometry" />
        </mxCell>
        <mxCell id="YhynZKO4u3EwaHUzb0i7-28" style="edgeStyle=none;shape=connector;rounded=0;orthogonalLoop=1;jettySize=auto;html=1;exitX=0;exitY=0.5;exitDx=0;exitDy=0;entryX=0.5;entryY=0;entryDx=0;entryDy=0;labelBackgroundColor=default;strokeColor=default;fontFamily=Helvetica;fontSize=11;fontColor=default;startArrow=oval;startFill=1;endArrow=none;endFill=0;" parent="1" source="H85xvgza9DEEJIkT7y4P-13" target="YhynZKO4u3EwaHUzb0i7-24" edge="1">
          <mxGeometry relative="1" as="geometry" />
        </mxCell>
        <mxCell id="YhynZKO4u3EwaHUzb0i7-37" value="" style="endArrow=none;html=1;rounded=0;startSize=3;endSize=3;entryX=0.5;entryY=1;entryDx=0;entryDy=0;exitX=1;exitY=0.5;exitDx=0;exitDy=0;" parent="1" source="H85xvgza9DEEJIkT7y4P-13" target="YhynZKO4u3EwaHUzb0i7-34" edge="1">
          <mxGeometry width="50" height="50" relative="1" as="geometry">
            <mxPoint x="424.9999999999998" y="659.9999999999999" as="sourcePoint" />
            <mxPoint x="559.5" y="650" as="targetPoint" />
          </mxGeometry>
        </mxCell>
        <mxCell id="YhynZKO4u3EwaHUzb0i7-41" value="" style="endArrow=blockThin;startArrow=blockThin;html=1;rounded=0;endSize=3;startSize=3;startFill=1;endFill=1;" parent="1" edge="1">
          <mxGeometry width="50" height="50" relative="1" as="geometry">
            <mxPoint x="460" y="648" as="sourcePoint" />
            <mxPoint x="480" y="648" as="targetPoint" />
          </mxGeometry>
        </mxCell>
      </root>
    </mxGraphModel>
  </diagram>
</mxfile>
